name,id,occurences
circles,bgyka,90
dev bootcamp,bbxr,57
monster slicer tutorial,ybkm,55
monster slicer tutorial,hntv,55
circles,nncha,54
Diamond Hoarder,qcwlfqjf,52
Diamond Hoarder,ogvgryrw,52
rocky,deacbfhu,51
cutest voting app tutorial,rjleadvn,49
dev bootcamp,wsawa,48
falling rocks tutorial,xezo,46
monster slicer tutorial test,wnefrnuh,46
wonderful rocks,tmaxa,45
avoid the unprecedented rocks,mfiy,45
monster slicer,cbqyhblv,45
falling rocks,oqkf,45
incredible rocks,pyqe,45
exceptional rocks,egvm,45
avoid the supernatural rocks 2,fdwv,45
classic rocks,etce,45
incredible rocks,iippa,45
avoid the wonderful rocks,jfeqb,45
avoid the special rocks,zhty,45
cutest voting app tutorial,opnza,44
70307AE M4T3,auyrb,43
Tin Can Shoot Tutorial,ldsoa,43
bubble popper tutorial,uweda,43
bubble popper tutorial,oplh,41
love me not tutorial,tzhr,40
bouncing monster tutorial,yuzu,39
monster slicer tutorial,fraoa,38
bouncing monster tutorial,vhqrnkjb,38
70307AE M4T2,qewe,36
miraculous game,srwda,36
tap mania tutorial,jyema,33
little chat tutorial,zbljxmvl,27
variable name tutorial,wrzqbmhv,26
Sprite SetaˆSa†’A add,glxi,26
little chat template 5,akjq,25
Engduino Tutorial,rjtz,25
first steps with turtle,arrp,25
polyglot search tutorial,wwcv,24
polyglot search tutorial,vzij,24
Guess My Number Tutorial (step-by-step),bmfw,23
from blocks to text,tuxi,23
Guess My Number Tutorial (step-by-step) 2,hiucmqkf,23
Guess My Number Tutorial (step-by-step),viqvb,23
quadratic equation solver,qzvj,22
Comparador preA§o 2,pyfl,22
Comparador preA§o,czwra,22
Dice tutorial,nuri,21
first steps with turtle,gvjr,21
soundboard tutorial,qsaib,20
from blocks to text tutorial,lfgh,20
falling rocks tutorial,smjeexts,20
accelero colors tutorial,dwyva,20
first steps with turtle,foqoa,20
first steps with turtle,swyfa,20
beatbox tutorial,esih,20
cs unplugged binary numbers,zbct,20
cs unplugged binary numbers,umrr,20
turtle fractals tutorial,vfqja,19
magic 8 ball tutorial,olkn,19
pixels tutorial,zkpi,18
first steps with turtle,ngbn,17
first steps with drawing,ayyxc,16
turtle tree tutorial,uzgqa,16
song shaker tutorial,ycjt,16
magic 8 ball tutorial,vvpx,16
first steps with turtle,psbd,16
accelero-turtle,tblca,15
accelero-turtle,nstka,15
tinter tutorial,ktze,15
first steps with drawing,inebpzcv,15
accelero-fantastic-turtle,fcrm,14
accelero-astounding-turtle,rqnsa,14
turtl3,sqwpb,14
unusual turtle,kxew,14
70307AE M3T3,yupr,14
fun with sphero,kfpna,14
first steps with turtle,wieya,14
super-cool turtle,zsok,14
fantastic turtle 2,hueg,13
70307AE M3T4,vsvea,13
factorial tutorial,joxi,13
Hello World (step-by-step) Part 2,hrbj,12
beatbox tutorial,jksenfar,12
first steps with turtle,lpos,12
Hello World (step-by-step) Part 1,noxz,11
song shaker,lfzo,11
turtle triangle spiral tutorial,pxvi,11
little chat template,nalpa,11
song shaker tutorial,ztjeveml,11
first steps with drawing,xmrrb,11
first steps with drawing,bxhla,11
FLOWER GENERATOR,lhru,11
amazing script 2,ydqn,9
70307AE M3T2,acst,8
tutorial template,lazr,8
70307AE M3T1,avlqa,7
hello world,rdjh,7
hour of code 2,ajnvooox,7
bubble popper template,vvrra,7
monster slicer template,eoxl,4
falling rocks template,thhz,4
first steps with turtle template,xgjo,4
tutorials,ospn,4
tutorials,tfbg,4
Tin Can Shoot Tutorial,zwuxbcan,3
hour of code part 2,ayioa,3
first steps with turtle,qjkkozlw,3
