"name","Number_of_occurences"
"turtle","3013"
"game","1832"
"controls","516"
"theme","491"
"petals","297"
"drawing","185"
"game events","172"
"heads up display","121"
"splash screen","113"
"sprite sheet","94"
"pixels","82"
"json core","60"
"facebook","47"
"easing","47"
"sphero turtle","44"
"json array","44"
"animations","41"
"color helpers","34"
"json collection","31"
"game over","30"
"bench timer","28"
"data definition","28"
"data instance","25"
"nokia music","22"
"bubble popper","21"
"warnReConnection","18"
"suits","16"
"jSpaceTv.lib","15"
"diff","15"
"binary operators","14"
"string assert","13"
"twitter search","13"
"jSpaceTv.lib.addon","13"
"randomSign","12"
"RMC Utilities","12"
"json object","12"
"data seattle gov","11"
"rise4fun services","10"
"empty library","10"
"todo item","10"
"WS.Lib.","9"
"nxt consts","9"
"todo item collection","9"
"playing card","9"
"getPhotoBoardWithWarning","9"
"nxt","8"
"math helper","8"
"check box library","8"
"playing card deck","8"
"collection util","8"
"board game","7"
"pencil","7"
"draw","7"
"animated sprite sheet","6"
"libBoard","6"
"json","6"
"non reoccurrence random","6"
"feed","6"
"croppedPicFromPic","6"
"sha1","6"
"wall transform","6"
"DataGridBuilder","5"
"doitall","5"
"google","5"
"sphero","5"
"Button library 1.4","5"
"Engduino","5"
"fasta","5"
"boundary addons","5"
"makeCircularHoleInPic","5"
"spriteMenu","5"
"clearSprites","5"
"base64","5"
"epoch util","5"
"textfunctionlibrary","5"
"tdUnit","5"
"base string","5"
"Cloud Game Selector","4"
"racing board game","4"
"Effects","4"
"color lib","4"
"life indicator","4"
"youtube search","4"
"open data","4"
"type test lib","4"
"rest","4"
"B.SP.Lib.","4"
"setPicSpriteOnBoard","4"
"iso date","4"
"cactus","4"
"hmac","4"
"Get Images From Webpage","4"
"netRadioLinks","4"
"Practice Base","4"
"game lib","3"
"CloudifyJsonHelper","3"
"sphero turtle maker faire","3"
"Satellite Storage","3"
"voice robotizer","3"
"circle polar notation lib","3"
"live","3"
"Facebook API - Post to wall","3"
"odata query builder","3"
"lib_board","3"
"qr codes","3"
"binary reader","3"
"dtmf","3"
"z3 equation solver","3"
"slideSizer","3"
"guid generator","3"
"getPhotoBoard","3"
"Message Viewer","3"
"transitions","3"
"abc.intro.lib","3"
"TmyCtwn","3"
"xcard reader","3"
"latin serif","3"
"data pic","3"
"spriteDie","3"
"environ","3"
"Bluetooth","3"
"maze generator callbacks","3"
"LOL","2"
"FlatKeys Keyboard","2"
"my script 3","2"
"libMenu","2"
"Color picker beta","2"
"Mario coins","2"
"ThemedCtrls","2"
"turtle starter2","2"
"Button library mod","2"
"My Expensive Songs 1.0.0","2"
"convert","2"
"ButtonLib","2"
"Randomath","2"
"RMC Projects","2"
"airport status","2"
"Jumpers Character","2"
"contents","2"
"lib with types","2"
"Game Timer","2"
"B.SP.LB02","2"
"Base Conversion","2"
"Shake to shuffle","2"
"github","2"
"button library","2"
"SmugSmug services","2"
"colToString","2"
"blendSpriteIntoPic","2"
"SunCalcLibrary","2"
"animated sprites","2"
"sprite pins","2"
"oauth","2"
"SlapDragon Imager","2"
"decimal to hex","2"
"accelerometer graph","2"
"ConnectionSwitch","2"
"VPL Lib","2"
"Simple geo lib","2"
"weblibs","2"
"color goodies","2"
"grid of squares","1"
"sketch","1"
"google fusion table","1"
"save dog","1"
"touchdevelop.app.#list:installed-scripts:type:ID:tab","1"
"goo.gl shortener","1"
"heads up display at 0,0","1"
"Feed the Rapter","1"
"rbxTurtle","1"
"Art Container","1"
"text to color","1"
"my game 2","1"
"Nick-nack-pady-wack","1"
"monster slicer template","1"
"jan harder","1"
"Barrier user round","1"
"Jedi Escape!","1"
"GGG","1"
"Xbox Earth Defender","1"
"Game Engine Collisions","1"
"board helper","1"
"Game Engine HUD","1"
"instagram","1"
"Land Mines API","1"
"Speaking Clock india","1"
"Compatibility Test","1"
"TouchDevelop Bug Page Library","1"
"WiFi/3G","1"
"Accent colors","1"
"lib coll","1"
"box engine","1"
"LoT","1"
"HomeOS","1"
"SLGgraphic","1"
"SLGaction","1"
"tutorial playground","1"
"RMC Video Old","1"
"RMC Projects Old","1"
"foursquare","1"
"reddit search","1"
"RMC Labs","1"
"RMC Video","1"
"RMC People","1"
"RMC Publications","1"
"my script","1"
"Drag And Drop Lib","1"
"ROC_Library","1"
"progressBar","1"
"kontakty","1"
"turtle triangle spiral","1"
"Game Add On","1"
"Random-Hat","1"
"Random-Letter","1"
"Random-Number","1"
"graphs","1"
"set","1"
"Ordered Type","1"
"plane","1"
"Multiple Choice","1"
"util","1"
"kind lib 2nd order","1"
"hello world!","1"
"InputReplaceScript","1"
"randomInput","1"
"fault localization","1"
"spatial","1"
"grid","1"
"Geodaesie","1"
"webmessager","1"
"random input","1"
"Color Picker","1"
"calendar feed","1"
"callback lib","1"
"Wikipedia services","1"
"Even or Odd","1"
"lib","1"
"turtlib","1"
"cactus location","1"
"Sprite Library v0.1","1"
"makeCircularPic","1"
"internet","1"
"flickr search","1"
"One-Time Encryption","1"
"spritesFromPic","1"
"page lib","1"
"test lib","1"
"Current weather Library","1"
"Binary Tree","1"
"Azure Marketplace","1"
"Button library 1.5","1"
"candy cane","1"
"EPIC GAME","1"
"Script FX","1"
"kevcoder.ui","1"
"libMJS","1"
"twitter search io","1"
"stackoverflow search","1"
"web.StatusCodeToTXT.lib","1"
"hawaii path prediction","1"
"Sudoku GUI","1"
"Read Text From Online File","1"
"binary/hexadecimal/decimal co...","1"
"colors library","1"
"timer","1"
"CSA - Team 3 EE","1"
"DateTime","1"
"go to picture","1"
"U1F300-U1F5FFâ€¢Pic.lib","1"
"text to my voice","1"
"color to HTML","1"
"WiFi/3G Swap","1"
"missile defense","1"
"UsefulMethods","1"
"netlib","1"
"Hellicik","1"
"My Lib - String","1"
"rotate Board","1"
"color picker logic","1"
"color palette logic","1"
"shakeMusic","1"
"Testing Mode Î²","1"
"lock screen info v2.0","1"
"dice","1"
"3x3filter","1"
"æºç æå–","1"
"coding duel engine","1"
"arithmetic duel 3 secret","1"
"OnAirâ™ªJP Radio-L(1)","1"
"OnAirâ™ªJP Radio-L(2)","1"
"OnAirâ™ªJP Radio-L(3)","1"
"OnAirâ™ªJP Radio-L(4)","1"
"OnAirâ™ªJP Radio-L(5)","1"
"talking phone","1"
"uwRectLib","1"
"phone book","1"
"maze generator library","1"
"UNiCodeBlocksLib","1"
"tinylibs","1"
"Cached translator","1"
"Image Manipulation","1"
"NumericStack","1"
"json array test6","1"
"reference tester 12","1"
"library test","1"
