"name","N"
"song shaker","2175"
"first steps with turtle","1737"
"first steps with turtle","1736"
"beatbox tutorial","1478"
"dev bootcamp","1258"
"dev bootcamp","1258"
"first steps with turtle","780"
"first steps with turtle","780"
"hello world","516"
"first steps with turtle","403"
"first steps with turtle","303"
"first steps with turtle","303"
"monster slicer","114"
"monster slicer tutorial","64"
"monster slicer tutorial","64"
"monster slicer tutorial test","64"
"first steps with drawing","60"
"first steps with drawing","60"
"Dice tutorial","36"
"first steps with drawing","31"
"magic 8 ball tutorial","14"
"from blocks to text","4"
"polyglot search tutorial","3"
"polyglot search tutorial","3"
"bubble popper tutorial","2"
"Tin Can Shoot Tutorial","1"
