"1","70307AE M4T2","9","1"
"2","70307AE M4T3","12","1"
"3","monster slicer tutorial","24","1"
"4","monster slicer template","32","1"
"5","love me not tutorial","48","1"
"6","wonderful rocks","131","1"
"7","first steps with turtle","149","1"
"8","accelero-fantastic-turtle","155","1"
"9","accelero-astounding-turtle","156","1"
"10","fantastic turtle 2","212","1"
"11","turtl3","225","1"
"12","avoid the unprecedented rocks","231","1"
"13","falling rocks tutorial","233","1"
"14","falling rocks template","235","1"
"15","unusual turtle","236","1"
"16","first steps with turtle template","240","1"
"17","70307AE M3T3","534","1"
"18","70307AE M3T2","535","1"
"19","70307AE M3T4","536","1"
"20","70307AE M3T1","541","1"
"21","Hello World (step-by-step) Part 2","608","1"
"22","Hello World (step-by-step) Part 1","612","1"
"23","Tin Can Shoot Tutorial","686","0"
"24","cutest voting app tutorial","754","1"
"25","Guess My Number Tutorial (step-by-step)","770","1"
"26","tutorials","884","0"
"27","tap mania tutorial","1119","1"
"28","cutest voting app tutorial","1307","1"
"29","amazing script 2","1340","0"
"30","fun with sphero","1432","1"
"31","soundboard tutorial","1485","1"
"32","pixels tutorial","1520","1"
"33","first steps with drawing","1522","1"
"34","quadratic equation solver","1524","1"
"35","Comparador preA§o 2","1701","0"
"36","Comparador preA§o","1702","0"
"37","dev bootcamp","1784","0"
"38","song shaker","1787","0"
"39","from blocks to text tutorial","2162","1"
"40","falling rocks tutorial","2166","1"
"41","turtle triangle spiral tutorial","2167","1"
"42","from blocks to text","2437","0"
"43","turtle tree tutorial","2767","1"
"44","factorial tutorial","2774","1"
"45","Guess My Number Tutorial (step-by-step) 2","2913","1"
"46","accelero colors tutorial","2921","1"
"47","accelero-turtle","3038","1"
"48","turtle fractals tutorial","3042","1"
"49","accelero-turtle","3043","1"
"50","tinter tutorial","3102","1"
"51","song shaker tutorial","3192","1"
"52","tutorial template","3196","1"
"53","hello world","3294","1"
"54","variable name tutorial","3336","1"
"55","magic 8 ball tutorial","3393","1"
"56","little chat template 5","3444","1"
"57","little chat tutorial","3446","1"
"58","bouncing monster tutorial","3557","1"
"59","little chat template","3685","1"
"60","song shaker tutorial","3789","1"
"61","circles","3831","0"
"62","bouncing monster tutorial","4135","1"
"63","first steps with turtle","4224","1"
"64","monster slicer tutorial","4230","1"
"65","hour of code part 2","4510","0"
"66","hour of code 2","4517","1"
"67","first steps with drawing","4684","1"
"68","Dice tutorial","5754","1"
"69","Tin Can Shoot Tutorial","5900","1"
"70","magic 8 ball tutorial","5979","1"
"71","circles","6903","0"
"72","monster slicer tutorial","7362","1"
"73","first steps with turtle","7543","1"
"74","first steps with turtle","7544","1"
"75","Engduino Tutorial","7585","1"
"76","monster slicer tutorial test","8625","1"
"77","polyglot search tutorial","10731","0"
"78","polyglot search tutorial","10732","0"
"79","dev bootcamp","10823","0"
"80","beatbox tutorial","10824","1"
"81","beatbox tutorial","10830","0"
"82","first steps with turtle","11425","1"
"83","first steps with drawing","11634","1"
"84","Sprite SetaˆSa†’A add","11781","1"
"85","bubble popper tutorial","11817","0"
"86","first steps with drawing","12094","1"
"87","first steps with turtle","12768","1"
"88","monster slicer","12949","0"
"89","cs unplugged binary numbers","14044","1"
"90","first steps with turtle","14451","0"
"91","first steps with turtle","14515","1"
"92","first steps with turtle","14539","0"
"93","FLOWER GENERATOR","14797","0"
"94","cs unplugged binary numbers","14838","0"
"95","Guess My Number Tutorial (step-by-step)","26795","1"
"96","falling rocks","26800","1"
"97","incredible rocks","26809","1"
"98","Diamond Hoarder","26812","1"
"99","Diamond Hoarder","26813","1"
"100","exceptional rocks","26825","1"
"101","super-cool turtle","26829","1"
"102","avoid the supernatural rocks 2","26835","1"
"103","miraculous game","26872","1"
"104","classic rocks","26876","1"
"105","rocky","26905","1"
"106","incredible rocks","26922","1"
"107","avoid the wonderful rocks","26953","1"
"108","bubble popper tutorial","26957","1"
"109","tutorials","26996","0"
"110","bubble popper template","27060","1"
"111","avoid the special rocks","27175","1"
